{
  "hero": {
    "title": "Welcome to Our Brand",
    "subtitle": "Crafting exceptional solutions for modern challenges",
    "image": "/images/hero-placeholder.jpg",
    "ctaText": "Get in Touch",
    "ctaLink": "#contact"
  },
  "intro": {
    "title": "Who We Are",
    "content": "We are a team of passionate professionals dedicated to delivering innovative solutions that drive real results. Our approach combines strategic thinking with creative execution to help our clients achieve their goals.\n\nWith years of experience and a commitment to excellence, we've built a reputation for quality, reliability, and outstanding service."
  },
  "features": {
    "title": "What We Offer",
    "items": [
      {
        "title": "Strategic Planning",
        "description": "We develop comprehensive strategies tailored to your unique needs and objectives, ensuring every decision is backed by data and insight.",
        "image": "/images/feature-1-placeholder.jpg"
      },
      {
        "title": "Creative Solutions",
        "description": "Our team brings fresh perspectives and innovative thinking to solve complex challenges with elegant, effective solutions.",
        "image": "/images/feature-2-placeholder.jpg"
      },
      {
        "title": "Proven Results",
        "description": "We measure success by the impact we create. Our track record speaks to our ability to deliver measurable, sustainable results.",
        "image": "/images/feature-3-placeholder.jpg"
      }
    ]
  },
  "showcases": [
    {
      "title": "Our Approach",
      "content": "Every project begins with understanding. We take time to listen, learn, and truly grasp what makes your business unique. This foundation allows us to craft solutions that are not just effective, but perfectly aligned with your vision and values.\n\nOur collaborative process ensures you're involved every step of the way, from initial concept to final delivery and beyond.",
      "image": "/images/showcase-1-placeholder.jpg",
      "imagePosition": "left"
    },
    {
      "title": "Proven Expertise",
      "content": "With a diverse portfolio spanning multiple industries, we bring deep expertise and cross-sector insights to every engagement. Our team stays at the forefront of industry trends and best practices, ensuring you benefit from cutting-edge knowledge and innovative approaches.\n\nWe don't just follow trends—we help set them, combining timeless principles with forward-thinking innovation.",
      "image": "/images/showcase-2-placeholder.jpg",
      "imagePosition": "right"
    },
    {
      "title": "Long-Term Partnership",
      "content": "We believe in building relationships that last. Our commitment doesn't end when a project is delivered—we're here to support your ongoing success, adapt to your evolving needs, and continue driving value for your organization year after year.\n\nMany of our clients have been with us for years, a testament to the quality of our work and the strength of our partnerships.",
      "image": "/images/showcase-3-placeholder.jpg",
      "imagePosition": "left"
    }
  ],
  "contact": {
    "title": "Get in Touch",
    "description": "Ready to start a conversation? Fill out the form and we'll get back to you within 24 hours.",
    "linkedinUrl": "https://www.linkedin.com/company/yourcompany"
  },
  "newsletter": {
    "title": "Stay Updated",
    "description": "Subscribe to our newsletter for insights, updates, and industry news."
  },
  "footer": {
    "brandName": "Your Brand",
    "tagline": "Building the future, today.",
    "copyright": "© 2026 Your Brand. All rights reserved.",
    "linkedinUrl": "https://www.linkedin.com/company/yourcompany"
  }
}
